{"cameraMode":{"drawMode":0,"name":"Shaded","section":"Shading Mode"},"sceneLighting":true,"audioPlay":false,"sceneViewState":{"m_AlwaysRefresh":false,"showFog":true,"showSkybox":true,"showFlares":true,"showImageEffects":true,"showParticleSystems":true,"showVisualEffectGraphs":true,"m_FxEnabled":true},"in2DMode":false,"pivot":{"x":15.544651985168457,"y":0.5256320238113403,"z":0.3539732098579407},"rotation":{"x":0.09411013126373291,"y":0.8484757542610169,"z":-0.49521178007125857,"w":0.1612444669008255},"size":5.119343280792236,"orthographic":false}